Cycle_Number,Capacity_mAh,Mean_Voltage_V,Energy_Wh,Capacity_Fade_%
3,4200.0,3.849115353003516,-16.173200702369183,0.0
54,4058.0,3.8493777758852072,-16.01255436121665,3.3809523809523845
105,3916.0,3.849725475757686,-15.852239541532242,6.761904761904769
156,3774.0,3.8499558331582064,-15.691420302691123,10.142857142857142
207,3632.0,3.8500416235353145,-15.530038137497991,13.523809523809527
258,3490.0,3.850365845441455,-15.369565325325109,16.9047619047619
309,3348.0,3.8506323019898856,-15.208809869560621,20.285714285714295
