ka,ba,kc,bc,r,loss,success,time,run_idx,acq_function,cycle
1.0808290128214932,-0.6826752255046546,1.0195254015709299,-0.42721595044137084,0.042365479933890476,10000000000.0,True,18.315105199813843,0,ei,3
1.0808290128214932,-0.6826752255046546,1.0195254015709299,-0.42721595044137084,0.042365479933890476,10000000000.0,True,7.422819375991821,0,ei,54
1.0808290128214932,-0.6826752255046546,1.0195254015709299,-0.42721595044137084,0.042365479933890476,10000000000.0,True,6.78772759437561,0,ei,105
1.0808290128214932,-0.6826752255046546,1.0195254015709299,-0.42721595044137084,0.042365479933890476,10000000000.0,True,6.574055433273315,0,ei,156
1.0808290128214932,-0.6826752255046546,1.0195254015709299,-0.42721595044137084,0.042365479933890476,10000000000.0,True,15.696280479431152,0,ei,207
1.0808290128214932,-0.6826752255046546,1.0195254015709299,-0.42721595044137084,0.042365479933890476,10000000000.0,True,6.0753912925720215,0,ei,258
1.0808290128214932,-0.6826752255046546,1.0195254015709299,-0.42721595044137084,0.042365479933890476,10000000000.0,True,6.174094915390015,0,ei,309
