{
  "GD": {
    "MAE_LAM_Cathode": 11.889593564027665,
    "MAE_LAM_Anode": 6.2888185695818795,
    "MAE_LLI": 0.8167656119172674,
    "RMSE_LAM_Cathode": 13.958504154789093,
    "RMSE_LAM_Anode": 9.20396925399144,
    "RMSE_LLI": 0.9123172500354273
  },
  "BO": {
    "MAE_LAM_Cathode": 4.952540157093007,
    "MAE_LAM_Anode": 9.332901282149324,
    "MAE_LLI": 0.38267522550465466,
    "RMSE_LAM_Cathode": 5.341128533149043,
    "RMSE_LAM_Anode": 9.369989513612149,
    "RMSE_LLI": 0.4317873645847436
  }
}