ka,ba,kc,bc,r,loss,success,time,run_idx,cycle
1.0024506924787688,-1.3172088974430602,0.8060131306800231,-0.6231571407505314,0.07206320620838368,10000000000.0,True,0.01259922981262207,0,3
0.9848927631600812,-0.5104750447065107,0.9961479037554661,-1.0876775706118516,0.04559404166689192,10000000000.0,True,0.12916088104248047,0,54
0.9734129725019434,-1.300117307312708,1.1095562265304946,-0.09717179434209977,0.071375879199489,10000000000.0,True,0.012146234512329102,0,105
1.179451628363164,-0.9018646830345682,1.1967570079168874,-1.37463800802858,0.09832290235372187,10000000000.0,True,0.010799169540405273,0,156
1.0944922602606872,-0.49656693007003816,0.8272257803146583,-0.23483188413151201,0.03765330806297286,10000000000.0,True,0.0069217681884765625,0,207
0.9716134807987303,-1.282908358480829,1.0579600861484642,-0.5935740829609774,0.0952383249699272,10000000000.0,True,0.00590968132019043,0,258
1.0728419352288665,-0.24175778852619434,0.9750892361253058,-0.15041946817642593,0.01175610871695667,10000000000.0,True,0.008595705032348633,0,309
